id,firstName,lastName,age
1,DDud,Ishak,25
2,JJolyn,Braggjb,34
3,SSallie,Gawsga,45
4,BBelle,DeBiasi,56
5,BBing,Filovbfi,54
6,WWest,Douberday,36
7,MMarion,Northri,30
8,HHillary,Whittl,31
9,SStandford,Semo,78
10,Babs,Orridge,67
11,Arliene,Dunne,90
12,Anabal,Bick,58
13,Thelma,Hoodla,21
14,Othello,Sperr,12
15,Kristal,Herch,40
16,Archibaldo,Gold,33
17,Traver,Sutheran,53
18,Noelani,Baggall,65
19,Maye,Peetermann,26
20,Barbara,Coleysh,27
21,Fania,Rewan,28
22,Wolfgang,Oa,29
23,Ade,O'Timo,32
24,Cherrita,Dy,35
25,Ram,Picknet,36
26,Lauree,Welb,37
27,Christie,Fl,38
28,Winthrop,Ha,39
29,Cedric,Thri,41
30,Lenci,Skips,47